num__age,num__income,num__experience,cat__education_High School,cat__education_Master,cat__education_PhD
1.4516243644352465,-0.10538531615615464,1.5094017349013917,0.0,0.0,1.0
0.8947547731202589,0.08164270715439621,-0.06146718097437146,0.0,1.0,0.0
0.003763427016278754,1.3135918754773637,0.985778762942804,0.0,0.0,0.0
-0.49741920516721005,-1.1884565551168218,-0.3232786669536653,0.0,0.0,0.0
-0.05192353211522,1.8415324517808087,-1.5450656015237034,0.0,1.0,0.0
-0.3303583277727138,0.7687209831348797,-0.14873767630080276,1.0,0.0,0.0
1.562998282698244,-0.2371748631868217,1.3348607442485292,0.0,0.0,1.0
-1.4997844695341878,0.3433587368473192,-1.6323360968501346,1.0,0.0,0.0
-0.21898440950971626,1.0711008272197282,-0.23600817162723403,0.0,0.0,1.0
0.05945038614777751,-0.2800258692746208,-1.0214426295651156,0.0,1.0,0.0
-0.27467136864121505,0.5786740495733926,-1.108713124891547,1.0,0.0,0.0
-0.49741920516721005,0.8275995360026194,-1.108713124891547,0.0,0.0,1.0
-0.21898440950971626,0.9639430151235557,-0.3232786669536653,1.0,0.0,0.0
0.11513734527927627,0.14000589712117642,-0.06146718097437146,0.0,0.0,0.0
-1.1656627147451952,1.054748308455619,-1.195983620217978,1.0,0.0,0.0
1.562998282698244,-1.1013796405214216,-1.2832541155444095,1.0,0.0,0.0
-0.4417322460357113,-1.0310043575745749,-0.5850901529329592,0.0,0.0,0.0
-0.27467136864121505,0.22539084559956324,-0.6723606482593905,0.0,0.0,1.0
-1.7225323060601827,-2.1437923020152905,0.28761480033135367,0.0,0.0,0.0
0.8390678139887601,-0.14163467066201071,-0.06146718097437146,0.0,1.0,0.0
0.3378851818052713,0.22449778548809718,1.0730492582692353,0.0,0.0,0.0
1.2288765279092515,-1.1130071439866855,0.8985082676163727,0.0,0.0,1.0
0.39357214093677007,-2.5339742701111003,-1.6323360968501346,0.0,0.0,0.0
-0.21898440950971626,-0.1920830310359732,0.28761480033135367,1.0,0.0,0.0
-0.49741920516721005,-0.6798074713044837,-1.108713124891547,0.0,0.0,0.0
0.7833808548572614,0.4364470633031596,0.8112377722899414,0.0,0.0,0.0
0.17082430441077504,-1.052314930794002,1.1603197535956666,0.0,0.0,1.0
1.5073113235667452,1.690953626995776,-0.4978196576065279,0.0,0.0,0.0
-1.5554714286656866,0.6642109751859465,-1.719606592176566,0.0,0.0,1.0
-0.6644800825617063,-0.18223801226453368,0.8985082676163727,1.0,0.0,0.0
0.8390678139887601,1.5259682512539972,-0.9341721342386843,1.0,0.0,0.0
0.39357214093677007,0.3522410836140655,-0.9341721342386843,1.0,0.0,0.0
-0.8872279190877014,-0.7658555515144038,-0.14873767630080276,0.0,0.0,0.0
1.3959374053037477,-1.8273597236491328,1.0730492582692353,0.0,0.0,0.0
-1.3884105512711902,0.7192476969357473,-1.457795106197272,0.0,0.0,1.0
-1.3884105512711902,0.6755072713233226,-1.457795106197272,0.0,0.0,1.0
-1.3884105512711902,-1.3293169063931005,-1.3705246108708407,1.0,0.0,0.0
-0.6087931234302075,-1.6193953925285183,-0.23600817162723403,0.0,0.0,0.0
1.3402504461722489,-2.0357893325689815,0.2003443050049224,0.0,1.0,0.0
1.0618156505147551,1.4840146202118358,-0.14873767630080276,0.0,0.0,1.0
1.2288765279092515,-1.5941892358162812,0.2003443050049224,1.0,0.0,0.0
1.4516243644352465,1.8514530440025074,1.6839427255542543,0.0,0.0,1.0
0.05945038614777751,0.9379349740018122,-1.6323360968501346,0.0,1.0,0.0
-0.9986018373506989,2.4426997760953184,0.8985082676163727,0.0,0.0,1.0
1.0061286913832563,-0.4847308181001662,-0.7596311435858217,1.0,0.0,0.0
0.8390678139887601,0.4130863760560592,1.1603197535956666,1.0,0.0,0.0
1.1731895687777527,0.395858552794927,-0.3232786669536653,0.0,0.0,0.0
1.1731895687777527,1.0891731899489423,-0.9341721342386843,0.0,0.0,0.0
0.7276938957257626,0.5730425916211441,-0.9341721342386843,0.0,0.0,0.0
0.5049460591997675,-1.0008102245902357,0.4621557909842163,1.0,0.0,0.0
0.8947547731202589,1.73517821267725,0.985778762942804,0.0,0.0,1.0
-0.10761049124671876,1.4151427476925182,0.025803314352059827,0.0,1.0,0.0
1.0061286913832563,-0.0931509814658051,-1.457795106197272,0.0,0.0,1.0
1.117502609646254,0.7423159387655457,-0.846901638912253,0.0,0.0,0.0
1.1731895687777527,-1.1733362686228757,-0.4105491622800966,0.0,1.0,0.0
0.6720069365942638,-2.4280245322747716,1.0730492582692353,0.0,0.0,1.0
-1.6111583877971851,0.40766285090863974,-0.4978196576065279,0.0,1.0,0.0
1.6186852418297426,0.387004984410891,-0.846901638912253,1.0,0.0,0.0
-1.666845346928684,0.24817924129171828,-0.23600817162723403,1.0,0.0,0.0
-1.2770366330081926,-0.26614441928296245,-0.3232786669536653,1.0,0.0,0.0
-0.3303583277727138,1.6689405354868676,-0.4978196576065279,1.0,0.0,0.0
-0.16329745037821752,-0.6698121141394985,-0.06146718097437146,0.0,0.0,0.0
-1.1099757556136964,0.6838770584560744,-1.0214426295651156,0.0,0.0,1.0
0.9504417322517577,2.099843262161624,-1.6323360968501346,0.0,0.0,0.0
0.7833808548572614,-0.4052186567058361,-1.6323360968501346,0.0,0.0,1.0
1.4516243644352465,0.6793156200672391,-1.108713124891547,0.0,0.0,1.0
-0.49741920516721005,0.27858889156253996,1.5094017349013917,0.0,1.0,0.0
1.0618156505147551,-1.4283170977266162,0.985778762942804,0.0,0.0,0.0
1.0618156505147551,-0.7771288308226657,-0.4105491622800966,1.0,0.0,0.0
1.2288765279092515,0.5520236837719374,1.596672230227823,0.0,0.0,0.0
-0.05192353211522,-1.4556829380678282,-1.719606592176566,1.0,0.0,0.0
0.39357214093677007,1.5851548436030467,0.8112377722899414,0.0,1.0,0.0
1.4516243644352465,-0.30468953088703565,1.5094017349013917,0.0,0.0,0.0
1.6186852418297426,-0.590709127177889,0.2003443050049224,0.0,0.0,1.0
1.117502609646254,-0.03071579945654335,-1.195983620217978,1.0,0.0,0.0
0.8390678139887601,1.5036100250125444,0.8112377722899414,1.0,0.0,0.0
-0.9986018373506989,0.2963398372196405,0.2003443050049224,0.0,0.0,1.0
1.0618156505147551,0.479362837288878,0.37488529565778494,0.0,1.0,0.0
-1.5554714286656866,-1.4795781390769642,0.985778762942804,0.0,1.0,0.0
-0.5531061642987088,-2.2428991016963185,1.1603197535956666,1.0,0.0,0.0
1.3959374053037477,0.48290398309487903,1.2475902489220978,0.0,0.0,0.0
1.117502609646254,-0.6704839306695799,1.2475902489220978,0.0,1.0,0.0
-0.7758540008247038,0.9669631915191825,-0.4978196576065279,0.0,0.0,1.0
0.5049460591997675,0.11474591394960248,-1.2832541155444095,0.0,1.0,0.0
-0.3303583277727138,-0.6132270872671404,-0.6723606482593905,0.0,0.0,1.0
0.3378851818052713,-0.8942382007897138,-0.3232786669536653,0.0,1.0,0.0
1.0618156505147551,-0.18049211408105856,0.7239672769635102,0.0,0.0,1.0
-0.21898440950971626,0.9134613734974176,-1.195983620217978,1.0,0.0,0.0
1.3959374053037477,-1.3816211550872601,0.28761480033135367,1.0,0.0,0.0
-0.9429148782192002,-0.5771443381278909,0.5494262863106475,0.0,0.0,1.0
0.7276938957257626,0.5667371698012692,1.3348607442485292,0.0,0.0,0.0
0.5606330183312663,1.2420025136580164,1.1603197535956666,1.0,0.0,0.0
-1.666845346928684,-0.12234736192893216,0.8985082676163727,0.0,0.0,0.0
0.11513734527927627,-0.7350249819650306,-1.0214426295651156,0.0,0.0,0.0
1.3402504461722489,2.1307892508171205,-0.3232786669536653,0.0,0.0,0.0
-0.05192353211522,-1.702759031001748,0.6366967816370789,0.0,1.0,0.0
-0.9429148782192002,2.2448846204363226,0.7239672769635102,0.0,1.0,0.0
0.003763427016278754,-1.599440196206832,1.0730492582692353,0.0,1.0,0.0
-0.05192353211522,-0.7491543584650832,0.025803314352059827,0.0,1.0,0.0
-0.4417322460357113,0.5755627762175438,1.596672230227823,0.0,0.0,1.0
-0.3860452869042125,0.24394003885199325,1.5094017349013917,0.0,1.0,0.0
-0.27467136864121505,-1.2394089995810267,-0.5850901529329592,0.0,0.0,1.0
1.2288765279092515,0.3751668867051983,0.11307380967849111,1.0,0.0,0.0
0.8947547731202589,-1.5275727028191872,-0.23600817162723403,1.0,0.0,0.0
-0.4417322460357113,0.7271390109684022,-1.5450656015237034,0.0,0.0,1.0
-1.7782192651916815,1.486960423621743,1.2475902489220978,0.0,1.0,0.0
-0.5531061642987088,2.4408134633990177,0.8112377722899414,0.0,0.0,1.0
-1.444097510402689,0.6174699079432557,1.1603197535956666,0.0,0.0,0.0
-0.16329745037821752,-0.011369053259690887,0.2003443050049224,0.0,1.0,0.0
1.5073113235667452,-0.15765395650744954,0.8112377722899414,0.0,0.0,1.0
1.1731895687777527,0.6074263171997085,1.596672230227823,1.0,0.0,0.0
0.6163199774627651,0.45450717574449295,-0.6723606482593905,0.0,0.0,1.0
0.39357214093677007,-0.3539808180077842,1.596672230227823,0.0,0.0,1.0
-0.16329745037821752,-0.05304754274053772,1.3348607442485292,0.0,1.0,0.0
0.9504417322517577,0.01818327788569362,1.4221312395749603,0.0,0.0,0.0
0.11513734527927627,1.8733715452086717,-0.23600817162723403,0.0,1.0,0.0
-1.1656627147451952,2.3040928117155106,-0.6723606482593905,0.0,0.0,0.0
-0.05192353211522,-0.7349473943673115,1.4221312395749603,0.0,0.0,1.0
0.6720069365942638,-0.4859376105298699,-1.457795106197272,0.0,0.0,0.0
-0.6087931234302075,0.5053029749422497,0.025803314352059827,0.0,0.0,1.0
-1.3327235921396914,0.44245696427947945,0.985778762942804,0.0,1.0,0.0
1.562998282698244,0.28755738701234185,0.4621557909842163,0.0,0.0,1.0
-1.3884105512711902,1.2782747532988252,-0.846901638912253,1.0,0.0,0.0
0.22651126354227377,0.9841885284489827,1.3348607442485292,0.0,1.0,0.0
0.3378851818052713,-0.5855865661571754,0.4621557909842163,0.0,1.0,0.0
-1.2770366330081926,-0.5539918595691977,-1.3705246108708407,0.0,1.0,0.0
-0.5531061642987088,-0.15243134569158245,-0.4105491622800966,0.0,0.0,0.0
0.39357214093677007,0.09674257969683003,0.8985082676163727,0.0,1.0,0.0
0.17082430441077504,0.7821813985212368,-1.5450656015237034,1.0,0.0,0.0
1.5073113235667452,0.7009985267365547,0.6366967816370789,1.0,0.0,0.0
-1.5554714286656866,-0.8875595701003482,0.025803314352059827,0.0,0.0,0.0
0.6163199774627651,-1.2362998645765357,0.5494262863106475,0.0,0.0,0.0
1.4516243644352465,-1.0565014171155047,0.985778762942804,1.0,0.0,0.0
0.3378851818052713,-0.2259382084697073,-0.14873767630080276,0.0,1.0,0.0
-0.7758540008247038,1.498687698488555,-1.719606592176566,0.0,0.0,1.0
0.6163199774627651,0.5423141240485168,-1.3705246108708407,0.0,0.0,1.0
-0.5531061642987088,0.2582110360972442,-1.457795106197272,0.0,0.0,1.0
-0.27467136864121505,-0.7283304723801677,-1.195983620217978,0.0,0.0,1.0
0.9504417322517577,-0.7107038497323778,-0.06146718097437146,0.0,0.0,0.0
-0.49741920516721005,-0.2425132962741109,0.985778762942804,1.0,0.0,0.0
-0.10761049124671876,0.10295630659098322,1.3348607442485292,0.0,0.0,1.0
0.8390678139887601,-0.6374165581858082,0.7239672769635102,1.0,0.0,0.0
-0.27467136864121505,-0.6787200198703239,0.7239672769635102,0.0,0.0,0.0
-1.4997844695341878,0.17982967437124592,0.37488529565778494,1.0,0.0,0.0
-0.27467136864121505,0.473380458731375,-0.7596311435858217,1.0,0.0,0.0
0.11513734527927627,0.630777796814439,1.1603197535956666,0.0,0.0,1.0
-0.8315409599562026,0.3742470880767614,-1.6323360968501346,0.0,1.0,0.0
-0.9429148782192002,-1.065979402663258,1.3348607442485292,0.0,1.0,0.0
-0.8872279190877014,0.4939065860673888,0.37488529565778494,1.0,0.0,0.0
-1.6111583877971851,0.5538831264945477,-0.23600817162723403,0.0,0.0,0.0
-1.2213496738766938,0.8824513921807456,-0.6723606482593905,0.0,0.0,1.0
-1.6111583877971851,0.5856899843157158,-1.5450656015237034,0.0,0.0,0.0
0.05945038614777751,-1.2904875393770423,-0.7596311435858217,0.0,0.0,1.0
-0.3303583277727138,-0.6514229496729793,1.3348607442485292,0.0,0.0,1.0
1.3402504461722489,-0.7021580944618762,-0.4105491622800966,0.0,0.0,0.0
-1.3327235921396914,-1.1156334545613134,1.3348607442485292,1.0,0.0,0.0
0.3378851818052713,1.2825181416654599,0.11307380967849111,0.0,0.0,0.0
1.3959374053037477,-0.8714496999014015,1.4221312395749603,0.0,0.0,1.0
-1.3327235921396914,-0.2711286812832203,1.6839427255542543,0.0,1.0,0.0
0.7276938957257626,-0.17181650837345774,1.3348607442485292,0.0,0.0,0.0
0.17082430441077504,0.6504480591936685,1.3348607442485292,1.0,0.0,0.0
-1.2213496738766938,-0.5917579259997577,0.28761480033135367,0.0,0.0,0.0
0.17082430441077504,-0.2963491336544617,0.2003443050049224,0.0,0.0,0.0
0.6720069365942638,-0.45944437690379986,1.0730492582692353,0.0,0.0,1.0
-0.3860452869042125,0.0184137221075354,-0.9341721342386843,0.0,0.0,1.0
-1.7782192651916815,-0.24950143082257636,-1.195983620217978,0.0,1.0,0.0
0.3378851818052713,-0.8402402687663495,-1.2832541155444095,1.0,0.0,0.0
0.6163199774627651,0.09053137169242952,-1.457795106197272,0.0,0.0,0.0
-0.8315409599562026,1.267523972297123,-1.108713124891547,1.0,0.0,0.0
0.6163199774627651,1.9395082996419668,-0.14873767630080276,1.0,0.0,0.0
0.9504417322517577,0.7740210481688322,-0.6723606482593905,0.0,0.0,1.0
-0.9429148782192002,-1.6904834073884023,0.37488529565778494,0.0,1.0,0.0
-1.7782192651916815,0.9953146881257271,-1.2832541155444095,0.0,0.0,0.0
-0.5531061642987088,0.09395408896555513,-1.108713124891547,0.0,0.0,1.0
1.117502609646254,1.284384287189692,-0.06146718097437146,1.0,0.0,0.0
0.5049460591997675,0.4180683951952395,0.11307380967849111,0.0,0.0,1.0
-1.0542887964821976,-1.883139419343967,-0.23600817162723403,1.0,0.0,0.0
-0.9986018373506989,-0.4157263572593808,-0.6723606482593905,0.0,0.0,1.0
-0.9986018373506989,0.10573645901408665,1.1603197535956666,0.0,0.0,0.0
0.4492591000682688,-1.3933552202001185,0.6366967816370789,0.0,1.0,0.0
1.28456348704075,0.9325777279335062,-0.7596311435858217,1.0,0.0,0.0
-0.5531061642987088,-1.0726687338387322,-0.06146718097437146,0.0,1.0,0.0
-0.27467136864121505,-1.5464639111488674,-0.4105491622800966,0.0,0.0,1.0
0.003763427016278754,1.3518763704861512,1.3348607442485292,0.0,1.0,0.0
0.6720069365942638,1.785503275420627,-0.3232786669536653,0.0,0.0,1.0
0.003763427016278754,-1.8601276844277161,-1.108713124891547,0.0,0.0,1.0
0.11513734527927627,-0.7601072813006756,1.1603197535956666,1.0,0.0,0.0
0.9504417322517577,0.5537750400512509,0.4621557909842163,0.0,0.0,1.0
1.5073113235667452,0.12061910056483165,-1.0214426295651156,1.0,0.0,0.0
0.8947547731202589,0.623171193131049,-1.5450656015237034,0.0,0.0,1.0
-1.444097510402689,-0.8286352091242192,-0.23600817162723403,0.0,1.0,0.0
0.003763427016278754,-1.594319088610647,0.37488529565778494,1.0,0.0,0.0
0.05945038614777751,-0.723085860431107,0.11307380967849111,0.0,1.0,0.0
-1.0542887964821976,-1.8410172818319372,0.2003443050049224,0.0,0.0,1.0
1.5073113235667452,-0.6273790164469264,0.28761480033135367,0.0,0.0,1.0
-0.9429148782192002,0.1958216033910207,-1.0214426295651156,1.0,0.0,0.0
-0.9429148782192002,-0.26064320660631735,-0.6723606482593905,0.0,0.0,1.0
1.0618156505147551,-0.5908306188384668,-1.108713124891547,0.0,1.0,0.0
-0.21898440950971626,-0.5912143803059094,1.2475902489220978,0.0,0.0,0.0
1.3402504461722489,0.374359227536749,-0.14873767630080276,0.0,1.0,0.0
1.28456348704075,0.014716342065996589,-1.108713124891547,1.0,0.0,0.0
-1.3327235921396914,-0.9244415520550934,-1.6323360968501346,1.0,0.0,0.0
0.05945038614777751,2.000662493362358,0.11307380967849111,0.0,0.0,1.0
-0.4417322460357113,-0.028721981529609125,1.3348607442485292,0.0,0.0,1.0
-1.1656627147451952,0.575873693904172,1.0730492582692353,1.0,0.0,0.0
0.39357214093677007,1.607996447176218,0.5494262863106475,0.0,0.0,0.0
-0.3860452869042125,-0.45605664979591437,-1.719606592176566,0.0,0.0,1.0
-1.7782192651916815,0.9480470020949174,-0.4978196576065279,1.0,0.0,0.0
1.562998282698244,-0.9492223999831877,1.596672230227823,0.0,0.0,0.0
-1.3327235921396914,1.74101054251305,0.6366967816370789,0.0,0.0,1.0
-1.3327235921396914,-1.0667002678974817,0.7239672769635102,0.0,0.0,0.0
0.17082430441077504,-0.8629931199924666,-0.06146718097437146,1.0,0.0,0.0
-0.21898440950971626,0.9506399086632273,1.3348607442485292,0.0,1.0,0.0
1.4516243644352465,-0.20935287246222756,0.5494262863106475,0.0,1.0,0.0
0.7276938957257626,-1.3246710431132351,0.7239672769635102,0.0,0.0,1.0
1.6186852418297426,-0.0804601493571311,0.4621557909842163,0.0,0.0,1.0
0.22651126354227377,-0.5454822514866164,-1.5450656015237034,1.0,0.0,0.0
-0.4417322460357113,-0.2716049715556748,-0.4105491622800966,0.0,1.0,0.0
-1.666845346928684,-0.25397548654843605,-0.3232786669536653,0.0,0.0,0.0
0.11513734527927627,-0.17742398010415858,-0.14873767630080276,0.0,0.0,1.0
0.6163199774627651,0.016203695520296508,-1.5450656015237034,0.0,0.0,0.0
0.22651126354227377,-0.020758573977401742,0.2003443050049224,0.0,0.0,1.0
0.8947547731202589,-0.41014168688891456,1.3348607442485292,0.0,0.0,0.0
-0.3860452869042125,0.05503473434009022,-0.06146718097437146,0.0,0.0,1.0
-0.4417322460357113,-1.1935076416345827,-0.4105491622800966,0.0,1.0,0.0
1.6186852418297426,0.734585821290768,1.1603197535956666,0.0,0.0,1.0
0.17082430441077504,1.265580653220772,-0.7596311435858217,0.0,1.0,0.0
0.003763427016278754,0.5620709032877991,0.6366967816370789,0.0,1.0,0.0
1.117502609646254,-0.19941445490697074,0.4621557909842163,0.0,1.0,0.0
-0.6087931234302075,-0.9410615109155122,-1.108713124891547,0.0,0.0,0.0
-1.444097510402689,1.9363456086517454,-1.3705246108708407,0.0,0.0,1.0
-1.3327235921396914,0.4519298549416025,0.11307380967849111,0.0,1.0,0.0
1.28456348704075,0.1762721292521704,1.6839427255542543,0.0,0.0,1.0
-1.1099757556136964,-0.42862730645733005,1.6839427255542543,0.0,1.0,0.0
-0.4417322460357113,-1.330780169514743,0.2003443050049224,0.0,1.0,0.0
-1.1099757556136964,-0.4194743025241212,-1.6323360968501346,0.0,0.0,1.0
0.8390678139887601,-0.14067561725817124,-0.6723606482593905,0.0,1.0,0.0
-1.4997844695341878,0.39049451125455187,-1.3705246108708407,1.0,0.0,0.0
-1.0542887964821976,0.012558734175028442,0.2003443050049224,1.0,0.0,0.0
-0.3303583277727138,-0.6929162916049303,-0.4978196576065279,0.0,0.0,0.0
-0.16329745037821752,2.409789007099593,-1.0214426295651156,1.0,0.0,0.0
-1.444097510402689,-0.7004454750867976,-0.23600817162723403,0.0,0.0,0.0
-0.05192353211522,-0.6594765185820498,1.5094017349013917,1.0,0.0,0.0
-0.5531061642987088,0.4047079837591258,-1.0214426295651156,0.0,0.0,0.0
0.9504417322517577,0.06796802104043105,0.5494262863106475,0.0,1.0,0.0
-1.1656627147451952,-0.604780460649723,0.025803314352059827,0.0,1.0,0.0
1.6186852418297426,-2.3777015883835215,-1.2832541155444095,0.0,1.0,0.0
0.6720069365942638,0.738784875553315,0.985778762942804,0.0,0.0,0.0
-1.3884105512711902,0.6021476048810908,1.5094017349013917,0.0,0.0,0.0
1.6186852418297426,-2.250537581224927,0.8112377722899414,0.0,1.0,0.0
1.562998282698244,0.009200049772039243,1.596672230227823,0.0,0.0,0.0
-1.2770366330081926,-0.5337218691771146,-0.06146718097437146,0.0,0.0,0.0
-0.8872279190877014,-1.6185960260504786,-1.3705246108708407,0.0,0.0,0.0
-0.3860452869042125,-1.6790641533399433,-1.719606592176566,0.0,1.0,0.0
-1.1656627147451952,0.33387533059260427,1.5094017349013917,0.0,0.0,0.0
1.2288765279092515,0.1058909923738714,1.5094017349013917,0.0,0.0,1.0
-0.3860452869042125,-0.08348368411815793,1.2475902489220978,0.0,1.0,0.0
0.5606330183312663,-0.713858543870132,-0.7596311435858217,0.0,0.0,1.0
1.3959374053037477,-0.7358075831819133,0.5494262863106475,0.0,0.0,1.0
1.5073113235667452,-1.339020816573203,1.6839427255542543,0.0,0.0,0.0
-0.7758540008247038,0.6986394699385863,0.11307380967849111,0.0,1.0,0.0
-1.444097510402689,0.45775968629403574,0.5494262863106475,0.0,0.0,1.0
0.4492591000682688,-0.04651213672564148,1.5094017349013917,0.0,1.0,0.0
1.28456348704075,-0.6815548979262885,-0.846901638912253,0.0,0.0,1.0
-1.1656627147451952,0.7321316353132941,1.596672230227823,1.0,0.0,0.0
-1.5554714286656866,0.23065783009005675,1.3348607442485292,0.0,0.0,0.0
-0.6087931234302075,0.7536243715051582,-1.2832541155444095,0.0,1.0,0.0
0.4492591000682688,0.14663418755833313,-1.3705246108708407,0.0,0.0,1.0
0.7833808548572614,-1.5867534374560048,-1.195983620217978,0.0,0.0,0.0
1.562998282698244,0.7521292364964736,-0.846901638912253,1.0,0.0,0.0
0.22651126354227377,-0.2129156172647247,1.2475902489220978,1.0,0.0,0.0
1.3959374053037477,0.6713645056906181,-0.3232786669536653,1.0,0.0,0.0
-0.7758540008247038,-0.6508552405164068,-0.4105491622800966,0.0,1.0,0.0
-1.4997844695341878,-1.217760274290559,1.1603197535956666,0.0,1.0,0.0
0.4492591000682688,0.8749974833582262,1.5094017349013917,0.0,0.0,0.0
0.3378851818052713,0.7424146403978364,0.11307380967849111,1.0,0.0,0.0
-0.16329745037821752,-0.5161972946855378,0.985778762942804,0.0,1.0,0.0
1.6186852418297426,-1.5146512255941649,0.025803314352059827,0.0,0.0,0.0
-0.7758540008247038,0.9018103295085433,1.6839427255542543,0.0,1.0,0.0
0.17082430441077504,0.36761647808316655,0.11307380967849111,0.0,1.0,0.0
1.28456348704075,-0.8438046846188806,-0.9341721342386843,0.0,0.0,0.0
-1.2213496738766938,-0.3923937274907308,0.11307380967849111,0.0,0.0,1.0
-0.7201670416932051,-0.7409422528922474,1.0730492582692353,0.0,0.0,0.0
-0.27467136864121505,0.042657823804440984,1.3348607442485292,0.0,0.0,0.0
0.6720069365942638,-0.05412134428370637,-1.0214426295651156,1.0,0.0,0.0
-1.7225323060601827,0.45216039511129036,1.0730492582692353,0.0,0.0,0.0
-0.16329745037821752,1.060990119932644,1.596672230227823,1.0,0.0,0.0
1.5073113235667452,-0.3556550658842919,-1.108713124891547,0.0,0.0,1.0
1.6186852418297426,-1.514732984410603,0.6366967816370789,0.0,0.0,1.0
-0.8315409599562026,0.26026324149935187,-0.6723606482593905,0.0,0.0,1.0
0.003763427016278754,-0.2822459929148781,-0.7596311435858217,1.0,0.0,0.0
0.11513734527927627,-1.181188569982941,-1.195983620217978,0.0,1.0,0.0
1.2288765279092515,0.5730362435448906,0.8112377722899414,0.0,1.0,0.0
-1.444097510402689,0.13425810929229648,-0.846901638912253,1.0,0.0,0.0
-0.05192353211522,-0.018039291273324393,-1.2832541155444095,0.0,0.0,1.0
-1.3327235921396914,-0.6761474204182272,0.5494262863106475,0.0,0.0,0.0
0.003763427016278754,2.1861799060849183,1.2475902489220978,0.0,0.0,1.0
-1.444097510402689,0.3157052622835797,-0.3232786669536653,0.0,0.0,0.0
-1.5554714286656866,0.8602169820929524,0.5494262863106475,0.0,0.0,1.0
-1.666845346928684,0.2446599736252922,-1.108713124891547,1.0,0.0,0.0
0.7833808548572614,0.5229355468849667,1.596672230227823,0.0,0.0,0.0
1.6186852418297426,0.4018225789462912,0.4621557909842163,0.0,1.0,0.0
-0.5531061642987088,-0.4706892506409271,0.28761480033135367,0.0,1.0,0.0
0.17082430441077504,-2.289044264775768,0.28761480033135367,1.0,0.0,0.0
-0.7758540008247038,0.11465331132432904,0.37488529565778494,0.0,1.0,0.0
0.8390678139887601,-0.06248175003750242,0.7239672769635102,0.0,0.0,1.0
1.1731895687777527,-0.10973078782217313,0.7239672769635102,0.0,1.0,0.0
-1.4997844695341878,-0.6492918250301352,1.6839427255542543,0.0,0.0,1.0
0.22651126354227377,-0.5917231205663405,0.11307380967849111,0.0,0.0,0.0
-1.3327235921396914,1.382481204590303,0.5494262863106475,0.0,0.0,0.0
-0.27467136864121505,-0.9287091681872646,-1.5450656015237034,0.0,1.0,0.0
-0.8872279190877014,0.9187786567913921,0.2003443050049224,0.0,0.0,1.0
-1.7782192651916815,-0.6675491346410198,1.1603197535956666,0.0,1.0,0.0
-1.7782192651916815,0.09507906851948299,0.4621557909842163,1.0,0.0,0.0
0.6720069365942638,1.9660682399498373,1.0730492582692353,0.0,1.0,0.0
-0.10761049124671876,-0.90680079167837,0.11307380967849111,0.0,0.0,1.0
-0.3303583277727138,-1.5805731707563733,0.37488529565778494,0.0,1.0,0.0
1.3959374053037477,-0.5557748305811185,0.5494262863106475,0.0,0.0,1.0
-0.6644800825617063,1.8033687262978904,0.5494262863106475,0.0,1.0,0.0
-1.0542887964821976,0.34465479473556276,0.2003443050049224,0.0,0.0,1.0
-1.7225323060601827,-0.419950097927927,1.4221312395749603,1.0,0.0,0.0
-1.7225323060601827,1.1374412842557255,-1.6323360968501346,0.0,0.0,0.0
0.8390678139887601,0.17938843644684177,-0.14873767630080276,0.0,1.0,0.0
-1.2213496738766938,0.44549096363849716,-1.195983620217978,1.0,0.0,0.0
-1.4997844695341878,-1.3404040993916426,-0.846901638912253,1.0,0.0,0.0
-0.05192353211522,-0.24156237947542095,-0.23600817162723403,0.0,0.0,1.0
0.22651126354227377,-1.1077279274502991,0.2003443050049224,0.0,0.0,1.0
-0.27467136864121505,-0.652288608824485,0.6366967816370789,0.0,1.0,0.0
-1.2213496738766938,0.8371649984011248,1.596672230227823,0.0,0.0,1.0
1.0618156505147551,0.876693348532192,-1.2832541155444095,0.0,0.0,0.0
-1.1656627147451952,1.4286885280936596,1.1603197535956666,1.0,0.0,0.0
-1.4997844695341878,-0.6493964900941912,-0.3232786669536653,0.0,1.0,0.0
-0.05192353211522,-0.9132397794323002,1.3348607442485292,0.0,0.0,1.0
0.5049460591997675,1.4860206335942137,-0.6723606482593905,1.0,0.0,0.0
0.22651126354227377,-1.2905728595177408,-1.457795106197272,0.0,1.0,0.0
-1.6111583877971851,0.38628658809316063,-0.846901638912253,1.0,0.0,0.0
1.117502609646254,-0.3024320236318262,1.0730492582692353,0.0,1.0,0.0
-0.9429148782192002,0.5919254387998139,-0.9341721342386843,0.0,0.0,1.0
1.3402504461722489,-0.6254662523052897,0.6366967816370789,0.0,0.0,1.0
-0.21898440950971626,-1.7301640312340323,0.985778762942804,0.0,0.0,0.0
0.5049460591997675,0.0628490357241243,-0.23600817162723403,0.0,0.0,1.0
0.5049460591997675,0.14496363383405553,-0.5850901529329592,1.0,0.0,0.0
-1.2770366330081926,-0.7395985768987849,-0.3232786669536653,0.0,0.0,0.0
-1.1099757556136964,-0.115587537599453,-0.06146718097437146,0.0,0.0,1.0
1.562998282698244,-0.6699190864236532,0.2003443050049224,1.0,0.0,0.0
0.4492591000682688,0.39291445967021393,-1.3705246108708407,1.0,0.0,0.0
-0.9986018373506989,2.4846024291546387,1.3348607442485292,0.0,0.0,0.0
1.28456348704075,-1.8313861690990263,0.4621557909842163,0.0,0.0,1.0
-0.5531061642987088,-0.2707392778781994,0.6366967816370789,0.0,0.0,1.0
-0.21898440950971626,-0.4243084149872963,-1.3705246108708407,1.0,0.0,0.0
-0.5531061642987088,-0.25163920542662205,0.5494262863106475,0.0,0.0,1.0
1.6186852418297426,-0.3132866272264798,0.11307380967849111,1.0,0.0,0.0
-0.05192353211522,1.2606146012634414,-1.108713124891547,0.0,0.0,0.0
-1.666845346928684,-0.11647383682291,-0.6723606482593905,1.0,0.0,0.0
-1.1099757556136964,-1.191419174254939,0.28761480033135367,0.0,0.0,1.0
-1.1099757556136964,-0.696315284165477,-0.14873767630080276,0.0,0.0,1.0
-0.3860452869042125,0.42419183582206255,0.11307380967849111,0.0,0.0,0.0
1.3959374053037477,2.3410004351582367,-1.2832541155444095,0.0,0.0,0.0
1.2288765279092515,-0.5871581573023946,-0.846901638912253,0.0,0.0,1.0
1.6186852418297426,2.039429516073868,-0.5850901529329592,0.0,1.0,0.0
-1.3884105512711902,-0.6214530754685188,0.5494262863106475,0.0,0.0,0.0
-0.16329745037821752,-0.08274604305495696,-0.3232786669536653,0.0,0.0,1.0
-1.666845346928684,-0.3877048057803827,0.11307380967849111,0.0,0.0,0.0
-0.7201670416932051,-0.5256238673041768,-0.06146718097437146,1.0,0.0,0.0
-0.9429148782192002,0.030740401375128606,1.1603197535956666,0.0,0.0,1.0
-1.7782192651916815,-0.7062973452743806,1.4221312395749603,0.0,0.0,1.0
-0.27467136864121505,-0.7613344243515965,-1.6323360968501346,0.0,0.0,1.0
1.0061286913832563,-1.1963558999854471,-0.4978196576065279,0.0,1.0,0.0
-0.7758540008247038,-1.6331865192367356,-0.9341721342386843,0.0,0.0,1.0
-1.5554714286656866,-2.001143157591998,-0.3232786669536653,0.0,1.0,0.0
-0.4417322460357113,0.3021151924826965,1.5094017349013917,0.0,0.0,1.0
0.17082430441077504,0.3238719411199231,-1.5450656015237034,0.0,0.0,1.0
1.2288765279092515,0.6221809835485854,-1.719606592176566,0.0,0.0,0.0
1.3959374053037477,0.8483287229101639,-0.3232786669536653,0.0,0.0,0.0
-1.2770366330081926,1.5603265416427758,1.596672230227823,0.0,0.0,0.0
1.6186852418297426,0.24954189270623328,-0.14873767630080276,0.0,1.0,0.0
-0.9429148782192002,-0.5163518933595471,-0.4105491622800966,0.0,0.0,1.0
0.3378851818052713,0.13277953236264298,0.28761480033135367,0.0,1.0,0.0
0.5606330183312663,0.10083850592730667,0.4621557909842163,1.0,0.0,0.0
-0.5531061642987088,0.5373764728316418,0.7239672769635102,0.0,1.0,0.0
-1.0542887964821976,0.2627154052139268,0.37488529565778494,1.0,0.0,0.0
-1.7782192651916815,0.1984228966684356,1.4221312395749603,0.0,0.0,1.0
-0.6087931234302075,0.18891755160247883,-0.6723606482593905,0.0,1.0,0.0
0.4492591000682688,-0.04618535252853815,-1.0214426295651156,0.0,0.0,1.0
-0.3303583277727138,0.8040317800944026,0.4621557909842163,0.0,1.0,0.0
0.8947547731202589,-0.48166778583780595,-0.6723606482593905,0.0,0.0,1.0
-1.3884105512711902,0.6950350481035779,1.4221312395749603,1.0,0.0,0.0
-1.3327235921396914,-0.06248959363737819,0.8112377722899414,0.0,1.0,0.0
1.0618156505147551,0.24312078043828933,0.11307380967849111,1.0,0.0,0.0
0.6163199774627651,-1.8712300577879646,-1.719606592176566,0.0,0.0,1.0
0.11513734527927627,1.3622660366029165,-1.719606592176566,1.0,0.0,0.0
1.6186852418297426,1.3282079125558708,1.0730492582692353,0.0,0.0,0.0
-0.8315409599562026,-1.6256681981039227,1.5094017349013917,0.0,0.0,1.0
1.5073113235667452,-0.1370785841091691,1.4221312395749603,0.0,1.0,0.0
-0.16329745037821752,0.6884693007171375,1.5094017349013917,0.0,0.0,1.0
-0.8315409599562026,0.23828179789477694,0.11307380967849111,0.0,0.0,1.0
-1.5554714286656866,0.27486232301705654,-0.4105491622800966,0.0,0.0,1.0
0.22651126354227377,-0.02954553687282379,-0.3232786669536653,0.0,0.0,0.0
0.9504417322517577,2.623774309638759,-0.5850901529329592,1.0,0.0,0.0
-1.0542887964821976,-0.8156740025990246,-0.5850901529329592,0.0,1.0,0.0
1.3959374053037477,1.2979121445656998,-1.719606592176566,0.0,0.0,1.0
0.6163199774627651,-0.30759721488598735,-1.6323360968501346,1.0,0.0,0.0
-0.49741920516721005,-0.36142704094057354,-1.719606592176566,0.0,0.0,0.0
-0.49741920516721005,-1.1495799877591046,1.3348607442485292,0.0,1.0,0.0
-0.10761049124671876,0.8752470081656611,-0.14873767630080276,0.0,0.0,0.0
-0.5531061642987088,1.5477691797020372,0.28761480033135367,0.0,0.0,1.0
1.5073113235667452,-0.11525353413844822,0.2003443050049224,0.0,0.0,1.0
1.3959374053037477,1.7069201091769393,1.3348607442485292,0.0,0.0,1.0
-1.1656627147451952,-1.3099873114800666,0.6366967816370789,0.0,0.0,1.0
0.9504417322517577,-0.7513995676006475,-0.4105491622800966,0.0,0.0,1.0
1.6186852418297426,1.483317410643686,0.4621557909842163,0.0,0.0,1.0
0.003763427016278754,-0.6929371813575183,-1.108713124891547,1.0,0.0,0.0
-1.5554714286656866,0.17953691498913038,-0.06146718097437146,0.0,0.0,1.0
0.17082430441077504,0.9044917823521591,0.8112377722899414,0.0,1.0,0.0
-1.1099757556136964,0.8646704421559583,-0.846901638912253,0.0,1.0,0.0
0.11513734527927627,0.239773005298828,0.4621557909842163,1.0,0.0,0.0
1.2288765279092515,1.340582059719483,0.7239672769635102,0.0,1.0,0.0
0.3378851818052713,0.26241014542926006,-0.06146718097437146,0.0,1.0,0.0
-1.6111583877971851,1.615215766185919,1.6839427255542543,0.0,0.0,0.0
0.39357214093677007,1.5205776289867463,0.37488529565778494,0.0,0.0,0.0
1.3959374053037477,1.5121395625915766,1.4221312395749603,0.0,0.0,1.0
0.8390678139887601,1.0562611209119634,0.6366967816370789,1.0,0.0,0.0
0.003763427016278754,0.43713645875112134,-1.457795106197272,0.0,0.0,1.0
1.3959374053037477,0.9665551880803148,0.6366967816370789,0.0,0.0,0.0
1.5073113235667452,1.2592383958679567,1.2475902489220978,0.0,1.0,0.0
-0.3860452869042125,-0.11743320898886181,-0.06146718097437146,0.0,0.0,1.0
-0.3860452869042125,-0.25696391492809534,-1.719606592176566,0.0,1.0,0.0
-0.49741920516721005,0.21365254668713282,1.4221312395749603,0.0,0.0,1.0
1.5073113235667452,-1.3625830223650763,-0.23600817162723403,0.0,0.0,1.0
-0.7201670416932051,1.1451291224817115,-0.14873767630080276,0.0,0.0,1.0
1.3402504461722489,-0.4280751224224281,-1.457795106197272,0.0,0.0,1.0
-0.49741920516721005,-0.4760941041709305,-0.3232786669536653,0.0,1.0,0.0
1.3402504461722489,1.8754430373404831,0.6366967816370789,0.0,0.0,1.0
0.5049460591997675,-0.6271729563494578,0.5494262863106475,1.0,0.0,0.0
1.3959374053037477,0.5751839054299127,-1.457795106197272,0.0,0.0,0.0
0.28219822267377254,0.23395776741234978,1.4221312395749603,0.0,0.0,1.0
1.0061286913832563,-1.6709550487373286,-0.06146718097437146,0.0,1.0,0.0
-0.27467136864121505,-0.3206682880401444,1.596672230227823,0.0,1.0,0.0
1.6186852418297426,0.056690256278726626,0.4621557909842163,0.0,0.0,0.0
0.11513734527927627,1.2100913343826445,-0.846901638912253,0.0,0.0,0.0
-1.666845346928684,0.9198244501138808,-1.2832541155444095,1.0,0.0,0.0
0.6163199774627651,1.5890597481734625,-0.7596311435858217,0.0,1.0,0.0
0.6163199774627651,0.31956391749211516,-1.108713124891547,0.0,0.0,1.0
1.3402504461722489,0.7367349917832589,-0.3232786669536653,1.0,0.0,0.0
0.11513734527927627,0.6448187968998945,1.596672230227823,0.0,0.0,1.0
0.7833808548572614,-0.15823366245479267,0.4621557909842163,0.0,0.0,0.0
-1.4997844695341878,-1.0048435588759066,-0.4978196576065279,0.0,0.0,1.0
-0.4417322460357113,-0.22951098907960424,0.2003443050049224,0.0,0.0,1.0
-1.666845346928684,2.219203072373144,0.8112377722899414,0.0,1.0,0.0
1.5073113235667452,0.08514872557940462,0.11307380967849111,0.0,0.0,0.0
-0.3303583277727138,-2.0036246889082694,-1.719606592176566,0.0,1.0,0.0
0.8947547731202589,0.18693240994371194,0.7239672769635102,1.0,0.0,0.0
0.8947547731202589,0.8568724360478732,0.2003443050049224,0.0,1.0,0.0
0.6720069365942638,-0.4879459674083214,-1.5450656015237034,1.0,0.0,0.0
-1.0542887964821976,0.4226264138118422,1.4221312395749603,0.0,0.0,1.0
1.3402504461722489,2.4966903773358475,-0.6723606482593905,1.0,0.0,0.0
0.28219822267377254,0.22560631667979,0.6366967816370789,1.0,0.0,0.0
1.0061286913832563,-0.38344704199015084,0.2003443050049224,1.0,0.0,0.0
1.0618156505147551,-1.167010639705741,0.7239672769635102,0.0,1.0,0.0
0.7276938957257626,-0.8219450539225692,0.025803314352059827,1.0,0.0,0.0
1.2288765279092515,-0.9484902946369758,0.4621557909842163,0.0,0.0,1.0
-0.27467136864121505,-0.7710029219013518,0.8985082676163727,0.0,0.0,1.0
0.4492591000682688,0.7603075339413728,-0.846901638912253,1.0,0.0,0.0
0.4492591000682688,0.2590753978522479,1.5094017349013917,0.0,0.0,0.0
-1.6111583877971851,0.11783370177371011,0.025803314352059827,0.0,1.0,0.0
-0.05192353211522,-0.3617036646477534,-0.3232786669536653,0.0,0.0,1.0
0.17082430441077504,0.8893626966534314,1.1603197535956666,0.0,0.0,0.0
0.6720069365942638,0.3218567458929339,1.2475902489220978,0.0,1.0,0.0
0.11513734527927627,0.6840446971451489,0.6366967816370789,0.0,0.0,0.0
1.2288765279092515,-1.239537401470087,-0.14873767630080276,0.0,0.0,0.0
-1.7225323060601827,0.5589634614419927,0.8112377722899414,0.0,0.0,1.0
-1.4997844695341878,-0.7371959941372006,0.28761480033135367,0.0,0.0,1.0
-0.5531061642987088,0.3987365808772465,0.37488529565778494,0.0,0.0,0.0
-1.3327235921396914,-0.8019697526946699,0.7239672769635102,1.0,0.0,0.0
0.8947547731202589,-1.8968213595929115,0.5494262863106475,0.0,1.0,0.0
-0.7758540008247038,-0.12992596639250933,0.8985082676163727,0.0,0.0,0.0
1.3402504461722489,-0.44159237681370034,-0.7596311435858217,1.0,0.0,0.0
-1.3884105512711902,-0.9343962030071165,1.1603197535956666,1.0,0.0,0.0
1.0618156505147551,0.4462588096416282,-1.195983620217978,0.0,1.0,0.0
1.117502609646254,1.5825253978873741,1.0730492582692353,0.0,0.0,1.0
1.1731895687777527,-1.3544589246630026,1.6839427255542543,0.0,0.0,0.0
-1.2213496738766938,-0.6656806077675044,1.2475902489220978,0.0,0.0,0.0
-0.49741920516721005,-0.7577878089122808,-0.5850901529329592,1.0,0.0,0.0
-0.3860452869042125,-1.928163792429852,0.5494262863106475,0.0,0.0,1.0
-0.8872279190877014,1.613053335790344,0.5494262863106475,0.0,1.0,0.0
-0.7758540008247038,0.874650158961262,-1.6323360968501346,1.0,0.0,0.0
-1.7782192651916815,-0.10652976991530659,-1.2832541155444095,0.0,0.0,1.0
1.3959374053037477,-0.7102390533849324,-0.846901638912253,0.0,0.0,1.0
-1.3884105512711902,-0.23380209528559184,-0.6723606482593905,0.0,0.0,0.0
1.0061286913832563,-2.124041954335541,-1.195983620217978,0.0,0.0,1.0
-1.1656627147451952,2.126610286012208,1.1603197535956666,0.0,0.0,1.0
-0.49741920516721005,0.8700434463409235,-0.846901638912253,1.0,0.0,0.0
0.22651126354227377,0.1006724473154905,1.2475902489220978,1.0,0.0,0.0
0.6720069365942638,0.5038410013327415,1.6839427255542543,0.0,0.0,1.0
-0.7758540008247038,0.07286962680295071,-1.457795106197272,1.0,0.0,0.0
-0.27467136864121505,-0.6159797146443324,0.28761480033135367,0.0,0.0,0.0
1.0061286913832563,-0.06672821094203749,0.37488529565778494,0.0,0.0,1.0
-0.7201670416932051,-0.34061300597683153,0.2003443050049224,0.0,0.0,1.0
0.3378851818052713,0.1944748113308856,-0.3232786669536653,0.0,1.0,0.0
1.5073113235667452,0.09700017405935729,0.6366967816370789,0.0,1.0,0.0
-1.7782192651916815,-0.08343403296993672,-1.195983620217978,0.0,0.0,0.0
-0.27467136864121505,-0.7876422492116605,1.2475902489220978,0.0,0.0,1.0
1.0061286913832563,-0.33283911845963765,-0.846901638912253,0.0,0.0,0.0
-1.0542887964821976,1.1302139460803395,-0.6723606482593905,0.0,0.0,0.0
0.3378851818052713,-0.3847048689201532,1.0730492582692353,1.0,0.0,0.0
-1.0542887964821976,0.44372020623260017,1.4221312395749603,0.0,0.0,1.0
-0.7758540008247038,-0.1352870445934023,-0.7596311435858217,0.0,1.0,0.0
-0.8872279190877014,0.04541446514806228,0.2003443050049224,1.0,0.0,0.0
0.3378851818052713,1.028331936039042,1.4221312395749603,0.0,0.0,0.0
0.11513734527927627,0.7351100269236444,1.4221312395749603,1.0,0.0,0.0
0.9504417322517577,0.02338814489960107,0.6366967816370789,0.0,0.0,0.0
0.6163199774627651,-1.4209914602414386,-1.0214426295651156,0.0,1.0,0.0
-0.6087931234302075,-0.5796522223490784,-0.9341721342386843,0.0,0.0,1.0
1.4516243644352465,-0.7068737714233265,0.7239672769635102,0.0,0.0,1.0
-0.4417322460357113,-0.908386815886608,0.025803314352059827,0.0,0.0,0.0
1.117502609646254,-0.30800495865999417,-0.846901638912253,0.0,0.0,0.0
-1.1099757556136964,0.6530317755530334,0.11307380967849111,0.0,1.0,0.0
1.5073113235667452,-1.1778974501929376,-0.14873767630080276,0.0,1.0,0.0
0.9504417322517577,1.1028411033520646,0.6366967816370789,1.0,0.0,0.0
-0.6087931234302075,1.165889808287574,0.2003443050049224,0.0,0.0,1.0
-1.666845346928684,0.5583842073499591,-0.4105491622800966,0.0,0.0,1.0
0.7833808548572614,0.00532388365384525,-0.7596311435858217,0.0,0.0,1.0
-1.5554714286656866,0.853318973924877,-0.3232786669536653,0.0,0.0,0.0
0.17082430441077504,0.7292711130035417,1.596672230227823,0.0,0.0,1.0
0.7833808548572614,1.4162447849208457,1.2475902489220978,0.0,0.0,0.0
-0.9429148782192002,-0.8131743479772744,-1.457795106197272,0.0,1.0,0.0
-1.5554714286656866,2.2654800975090854,0.8985082676163727,0.0,0.0,1.0
0.6720069365942638,0.36441313479157494,0.985778762942804,0.0,0.0,0.0
0.6163199774627651,0.5441967736412079,0.5494262863106475,0.0,0.0,0.0
0.11513734527927627,-0.5298815069183476,-0.5850901529329592,0.0,0.0,1.0
1.562998282698244,1.8543024199723506,-0.846901638912253,1.0,0.0,0.0
0.8947547731202589,1.372372858487596,-1.108713124891547,0.0,0.0,1.0
-0.6087931234302075,-0.777108988592926,0.4621557909842163,0.0,0.0,1.0
-1.4997844695341878,0.14623373058171799,-1.457795106197272,0.0,1.0,0.0
-0.3860452869042125,0.8448226055173048,0.4621557909842163,0.0,0.0,1.0
-0.27467136864121505,0.36134711912445794,1.3348607442485292,0.0,0.0,1.0
1.0061286913832563,-1.617271798811963,0.5494262863106475,1.0,0.0,0.0
-1.444097510402689,-0.664446996705238,1.1603197535956666,0.0,0.0,1.0
-0.3303583277727138,-0.8952189891980397,0.985778762942804,0.0,0.0,1.0
0.8947547731202589,0.6171067751358997,1.0730492582692353,0.0,1.0,0.0
-0.21898440950971626,-0.6459682600916886,-0.3232786669536653,0.0,1.0,0.0
-1.2770366330081926,-1.3841079702888153,0.985778762942804,0.0,0.0,1.0
1.3959374053037477,1.4262617370334623,0.37488529565778494,0.0,1.0,0.0
0.22651126354227377,0.5581489746445994,1.3348607442485292,0.0,0.0,0.0
1.6186852418297426,-1.803336142921797,-0.9341721342386843,0.0,0.0,0.0
-0.6644800825617063,0.3811158454675534,1.1603197535956666,0.0,1.0,0.0
0.003763427016278754,-0.8823977845093909,0.8985082676163727,0.0,0.0,1.0
-1.3327235921396914,-0.18289330167861254,-0.7596311435858217,1.0,0.0,0.0
0.8947547731202589,-0.3360204015054513,0.7239672769635102,0.0,1.0,0.0
0.9504417322517577,0.46175751662714815,-0.7596311435858217,0.0,0.0,0.0
1.28456348704075,0.3845005401508737,0.4621557909842163,0.0,1.0,0.0
-0.9986018373506989,-1.2266302831367586,-0.4105491622800966,0.0,0.0,0.0
-0.49741920516721005,-0.032843383808888946,-1.719606592176566,0.0,0.0,1.0
-0.7201670416932051,-0.20119353429824238,-0.9341721342386843,1.0,0.0,0.0
1.3959374053037477,0.9614154314998956,-1.5450656015237034,0.0,0.0,1.0
0.8947547731202589,-0.2572776559108673,-1.5450656015237034,1.0,0.0,0.0
0.05945038614777751,0.5163642750528206,0.8985082676163727,0.0,0.0,0.0
0.3378851818052713,-0.5879046965975996,-0.4105491622800966,0.0,0.0,0.0
-0.8872279190877014,1.0999688631231705,0.6366967816370789,0.0,0.0,1.0
1.1731895687777527,-0.6461219572365159,0.8112377722899414,0.0,0.0,1.0
-0.6644800825617063,0.46410866607031837,0.28761480033135367,1.0,0.0,0.0
1.4516243644352465,0.018198232829398555,-0.4105491622800966,0.0,1.0,0.0
1.6186852418297426,-1.3558657756109105,-0.7596311435858217,0.0,0.0,0.0
1.0618156505147551,-0.43575895742697424,0.025803314352059827,0.0,1.0,0.0
0.22651126354227377,-2.2906599356563047,1.4221312395749603,1.0,0.0,0.0
1.0618156505147551,-0.6980540102381727,0.37488529565778494,0.0,0.0,0.0
0.22651126354227377,-0.570992666693233,-1.6323360968501346,0.0,1.0,0.0
-0.3860452869042125,-2.2439015965561064,-1.5450656015237034,1.0,0.0,0.0
-0.3303583277727138,-0.18191590369751576,-1.719606592176566,1.0,0.0,0.0
1.6186852418297426,-0.019266271917843258,-1.5450656015237034,1.0,0.0,0.0
-1.666845346928684,-0.292422821452584,-1.108713124891547,0.0,0.0,1.0
-0.49741920516721005,-1.4018240452353354,-1.108713124891547,0.0,1.0,0.0
1.6186852418297426,0.7894311218880001,-1.195983620217978,0.0,1.0,0.0
1.0618156505147551,1.1306321990325947,-0.9341721342386843,0.0,0.0,1.0
0.003763427016278754,2.1560968707789643,-0.5850901529329592,0.0,0.0,1.0
1.5073113235667452,0.5531578259561472,-0.6723606482593905,1.0,0.0,0.0
-1.7225323060601827,-2.6636914357564683,0.7239672769635102,1.0,0.0,0.0
0.3378851818052713,0.9199936582355791,-1.457795106197272,1.0,0.0,0.0
1.5073113235667452,-0.6247314761690349,0.28761480033135367,1.0,0.0,0.0
0.6163199774627651,-0.5047405545301349,-0.5850901529329592,1.0,0.0,0.0
0.11513734527927627,-0.6106098760630861,-0.3232786669536653,1.0,0.0,0.0
1.4516243644352465,-1.6657259283612997,1.6839427255542543,0.0,0.0,0.0
-0.4417322460357113,0.19939328009480423,-0.846901638912253,0.0,1.0,0.0
-0.16329745037821752,0.04999307463999626,1.4221312395749603,0.0,1.0,0.0
1.4516243644352465,-1.2027058661075436,0.985778762942804,0.0,1.0,0.0
-0.3860452869042125,1.1233260771742488,0.025803314352059827,0.0,0.0,1.0
-0.10761049124671876,-0.3555672292273383,0.7239672769635102,0.0,0.0,0.0
-0.21898440950971626,1.2882149612293514,0.11307380967849111,0.0,1.0,0.0
-1.444097510402689,0.07921422181635061,1.1603197535956666,0.0,1.0,0.0
-1.3327235921396914,1.4708314127955842,-0.3232786669536653,0.0,0.0,1.0
-1.2213496738766938,1.2666676713929668,1.6839427255542543,0.0,0.0,1.0
-0.21898440950971626,-1.407307712542796,-0.846901638912253,1.0,0.0,0.0
-1.6111583877971851,0.4086260043472686,1.0730492582692353,0.0,0.0,0.0
1.6186852418297426,0.11268486124660243,1.6839427255542543,0.0,0.0,1.0
0.4492591000682688,-0.5420069869028068,-0.4978196576065279,0.0,0.0,1.0
0.8390678139887601,1.2981811137548922,-0.6723606482593905,1.0,0.0,0.0
-1.444097510402689,-0.8304017188114625,1.1603197535956666,1.0,0.0,0.0
0.8390678139887601,0.6936778291512488,-1.3705246108708407,0.0,0.0,0.0
0.4492591000682688,0.22082172065761377,-1.6323360968501346,0.0,0.0,0.0
-1.5554714286656866,-1.950401398938488,-1.719606592176566,0.0,0.0,1.0
1.3402504461722489,-0.4717012107804368,0.985778762942804,0.0,0.0,1.0
-0.05192353211522,0.7417036426402688,-0.14873767630080276,1.0,0.0,0.0
1.28456348704075,-0.7326682267256074,0.6366967816370789,0.0,0.0,1.0
1.3959374053037477,0.14344232886163522,-0.14873767630080276,0.0,0.0,0.0
0.9504417322517577,-2.0928158485860497,-1.719606592176566,0.0,0.0,0.0
-1.7782192651916815,-0.20937056991620853,0.985778762942804,0.0,0.0,0.0
-1.7782192651916815,0.21583731885813448,0.6366967816370789,1.0,0.0,0.0
-0.8315409599562026,1.2673081631871312,-1.3705246108708407,0.0,0.0,1.0
-1.3884105512711902,0.1201082123680961,1.3348607442485292,0.0,0.0,0.0
0.6720069365942638,-0.8890807996895044,0.025803314352059827,0.0,1.0,0.0
-0.7201670416932051,0.716077434889307,-0.4978196576065279,1.0,0.0,0.0
-0.7758540008247038,-0.25812065837717324,-0.14873767630080276,0.0,0.0,1.0
0.8947547731202589,-0.39511483183957535,1.596672230227823,0.0,0.0,0.0
1.1731895687777527,-0.8011570597416473,0.7239672769635102,0.0,0.0,0.0
-0.49741920516721005,0.587945416030313,-0.846901638912253,0.0,0.0,1.0
0.39357214093677007,0.6993584301506338,-1.5450656015237034,0.0,0.0,1.0
0.11513734527927627,-0.42812582502837715,0.8112377722899414,0.0,0.0,0.0
0.8947547731202589,0.8759404066973444,-0.7596311435858217,1.0,0.0,0.0
1.1731895687777527,0.7902347841844883,0.025803314352059827,0.0,0.0,1.0
1.117502609646254,-1.06670663097754,-0.9341721342386843,0.0,0.0,1.0
-1.4997844695341878,0.061705114029295946,-1.6323360968501346,0.0,1.0,0.0
-0.9986018373506989,-0.23133729254867422,-0.7596311435858217,0.0,0.0,1.0
-0.9429148782192002,0.11749126326655973,-0.5850901529329592,0.0,1.0,0.0
0.003763427016278754,-0.9861256963143477,-1.457795106197272,0.0,0.0,0.0
0.28219822267377254,-0.7198508451974946,-0.3232786669536653,0.0,0.0,0.0
-0.9429148782192002,-1.552886298987228,-1.2832541155444095,1.0,0.0,0.0
-1.3884105512711902,0.06285591992129308,-1.2832541155444095,0.0,0.0,1.0
0.8947547731202589,0.12189244105692038,0.8985082676163727,0.0,1.0,0.0
-0.6644800825617063,1.3827640948544622,-0.5850901529329592,1.0,0.0,0.0
0.5049460591997675,0.0027126636433867793,1.6839427255542543,1.0,0.0,0.0
0.11513734527927627,-0.41427141765904235,1.1603197535956666,1.0,0.0,0.0
1.117502609646254,1.630141103946361,0.8112377722899414,0.0,1.0,0.0
-1.0542887964821976,-2.082327943836723,0.4621557909842163,0.0,0.0,0.0
1.6186852418297426,0.39986448486288495,-1.5450656015237034,0.0,0.0,1.0
0.003763427016278754,0.7313636950094753,-0.14873767630080276,0.0,0.0,1.0
0.7833808548572614,-0.5202848051167814,-0.9341721342386843,0.0,0.0,1.0
1.0061286913832563,1.5138062953142737,-0.06146718097437146,0.0,1.0,0.0
-0.4417322460357113,0.27082214692711665,1.6839427255542543,0.0,0.0,1.0
-1.2213496738766938,-0.39779149675164627,-1.0214426295651156,0.0,1.0,0.0
-0.6644800825617063,0.17505090461237016,1.3348607442485292,0.0,0.0,0.0
-0.10761049124671876,-1.4863973883419581,1.1603197535956666,0.0,1.0,0.0
0.11513734527927627,0.33814858107504037,0.11307380967849111,1.0,0.0,0.0
-1.444097510402689,0.6615038095888194,1.4221312395749603,0.0,0.0,0.0
1.2288765279092515,-1.3683065083952963,0.37488529565778494,0.0,1.0,0.0
1.117502609646254,0.3160589064922232,-0.4978196576065279,0.0,0.0,1.0
-0.6644800825617063,0.4979341325481502,-0.23600817162723403,0.0,0.0,0.0
0.28219822267377254,1.306105142970338,0.28761480033135367,0.0,1.0,0.0
1.0618156505147551,-1.0099297606913564,-1.3705246108708407,0.0,0.0,1.0
-1.3884105512711902,0.862135046825532,-1.457795106197272,0.0,0.0,1.0
-0.8872279190877014,0.9277094861357252,-1.3705246108708407,0.0,0.0,1.0
-1.1656627147451952,0.004113306452562448,-0.9341721342386843,0.0,0.0,1.0
-1.1099757556136964,1.7156999314987031,1.596672230227823,0.0,0.0,1.0
-0.8872279190877014,0.8470753007844817,0.025803314352059827,0.0,0.0,1.0
0.7276938957257626,-0.5078956738700791,0.5494262863106475,0.0,0.0,1.0
0.7833808548572614,-1.2277102887835891,-0.9341721342386843,0.0,1.0,0.0
-0.27467136864121505,0.04520189826389425,1.5094017349013917,0.0,1.0,0.0
-1.2770366330081926,-1.5508103703985787,1.2475902489220978,0.0,1.0,0.0
1.6186852418297426,0.2006344838094521,0.5494262863106475,1.0,0.0,0.0
0.17082430441077504,0.872716449895526,-1.457795106197272,1.0,0.0,0.0
-1.6111583877971851,1.2108367360360859,-1.457795106197272,0.0,0.0,0.0
0.39357214093677007,-1.1405841496915803,-0.23600817162723403,0.0,1.0,0.0
0.3378851818052713,-0.24924493341813386,-0.846901638912253,0.0,1.0,0.0
0.5049460591997675,0.9522195302251873,-1.719606592176566,0.0,0.0,1.0
-0.49741920516721005,1.0209865442312591,-0.6723606482593905,1.0,0.0,0.0
-0.4417322460357113,-0.9274490021018549,-1.3705246108708407,0.0,1.0,0.0
0.8947547731202589,1.2941729399558828,0.2003443050049224,0.0,1.0,0.0
-0.49741920516721005,1.088536829973657,-1.5450656015237034,0.0,1.0,0.0
1.0618156505147551,1.197655223432335,1.1603197535956666,0.0,1.0,0.0
-1.1099757556136964,1.4711082401022593,-0.3232786669536653,0.0,1.0,0.0
1.5073113235667452,0.27904316623826375,0.8985082676163727,0.0,0.0,0.0
0.3378851818052713,-0.9013359179217704,-1.108713124891547,0.0,0.0,1.0
-1.7225323060601827,-0.19656333354473746,-0.9341721342386843,0.0,1.0,0.0
1.5073113235667452,-0.8341624351400764,0.7239672769635102,0.0,0.0,1.0
-0.9429148782192002,1.4421431317772142,-1.6323360968501346,0.0,0.0,0.0
-1.0542887964821976,0.12880693922226025,-0.23600817162723403,0.0,1.0,0.0
1.117502609646254,-0.14764542732981345,-0.06146718097437146,1.0,0.0,0.0
-0.3303583277727138,1.5722395841795205,-1.5450656015237034,0.0,1.0,0.0
0.39357214093677007,-0.5667796534911884,-1.5450656015237034,1.0,0.0,0.0
-1.3884105512711902,0.8318627212020862,0.2003443050049224,1.0,0.0,0.0
-0.4417322460357113,1.1828206183607697,-1.5450656015237034,1.0,0.0,0.0
-0.49741920516721005,0.8192438651384102,1.596672230227823,0.0,0.0,1.0
0.28219822267377254,0.9504508853029784,-0.4978196576065279,0.0,0.0,0.0
1.3402504461722489,-0.4044130298616522,0.4621557909842163,0.0,0.0,1.0
1.117502609646254,0.22628387348087078,-0.7596311435858217,0.0,1.0,0.0
-0.7201670416932051,-0.7150909180870787,-1.2832541155444095,0.0,0.0,1.0
0.11513734527927627,-0.5595415420154985,-0.23600817162723403,0.0,1.0,0.0
1.1731895687777527,-0.798822868132098,0.28761480033135367,1.0,0.0,0.0
-0.5531061642987088,-0.5034078761757071,0.8112377722899414,0.0,1.0,0.0
0.3378851818052713,-0.09327706370344784,1.1603197535956666,1.0,0.0,0.0
-0.27467136864121505,0.221429791885383,-0.14873767630080276,0.0,0.0,0.0
1.117502609646254,0.017746330350729755,1.596672230227823,0.0,0.0,1.0
-0.7758540008247038,1.175713570436488,0.025803314352059827,0.0,0.0,0.0
1.562998282698244,-1.5353134672346882,-1.457795106197272,0.0,0.0,0.0
0.8947547731202589,-0.44502595326653466,1.2475902489220978,1.0,0.0,0.0
-0.8872279190877014,-0.14379285297275685,-1.195983620217978,1.0,0.0,0.0
-1.3884105512711902,1.9085454684249006,0.985778762942804,0.0,1.0,0.0
-1.3884105512711902,-2.109474870797839,0.7239672769635102,0.0,0.0,1.0
-0.3303583277727138,0.5717463520961101,0.8112377722899414,0.0,1.0,0.0
1.562998282698244,-0.5089589798569883,-1.457795106197272,0.0,0.0,1.0
1.562998282698244,0.443438925544273,0.7239672769635102,0.0,0.0,0.0
-1.666845346928684,-0.19901134225956796,0.8112377722899414,0.0,1.0,0.0
-0.7201670416932051,-1.1053137787010259,1.1603197535956666,0.0,1.0,0.0
-0.8872279190877014,-0.5721810946438675,0.2003443050049224,0.0,0.0,0.0
-0.16329745037821752,-0.23725110207023192,-0.6723606482593905,0.0,0.0,0.0
1.4516243644352465,0.46711669394625516,-0.4105491622800966,0.0,1.0,0.0
-1.1656627147451952,-1.7044470999548216,-0.9341721342386843,1.0,0.0,0.0
1.5073113235667452,1.3859403087363766,1.5094017349013917,0.0,0.0,1.0
1.6186852418297426,0.8018636316540456,0.5494262863106475,0.0,0.0,0.0
-0.05192353211522,-2.1270380789281567,1.6839427255542543,0.0,0.0,0.0
-0.8315409599562026,-0.27060598124956475,0.8112377722899414,0.0,0.0,0.0
-0.6644800825617063,0.20815596995483324,-0.14873767630080276,1.0,0.0,0.0
0.11513734527927627,-1.76339163132548,-0.4978196576065279,0.0,0.0,0.0
-0.21898440950971626,-1.4922007448190424,-0.6723606482593905,0.0,0.0,1.0
-1.7225323060601827,1.6770085010260967,-1.2832541155444095,1.0,0.0,0.0
0.5049460591997675,-0.4477671352329063,1.596672230227823,1.0,0.0,0.0
1.1731895687777527,-0.44135988294363593,0.28761480033135367,1.0,0.0,0.0
1.117502609646254,1.214383570566926,-1.3705246108708407,0.0,0.0,1.0
1.0618156505147551,-0.5026639199032348,1.2475902489220978,0.0,1.0,0.0
0.7276938957257626,-0.7580346428940944,0.985778762942804,1.0,0.0,0.0
-0.3860452869042125,-1.5344182411898895,-0.4105491622800966,0.0,0.0,1.0
-0.4417322460357113,-1.1971701376476835,-1.0214426295651156,0.0,0.0,1.0
1.0618156505147551,0.03657523568686108,-1.2832541155444095,0.0,0.0,0.0
1.562998282698244,1.6465895223222755,0.11307380967849111,0.0,1.0,0.0
1.5073113235667452,1.0673247159785588,-0.3232786669536653,0.0,0.0,1.0
1.3959374053037477,0.61052264835748,-0.7596311435858217,1.0,0.0,0.0
1.2288765279092515,-0.07680034461739771,0.28761480033135367,0.0,0.0,1.0
1.117502609646254,1.0441931980285868,0.2003443050049224,0.0,1.0,0.0
0.8390678139887601,1.2289655943177484,-1.6323360968501346,0.0,0.0,0.0
-1.5554714286656866,-1.0656511906720072,1.5094017349013917,1.0,0.0,0.0
0.003763427016278754,-0.6711852227665249,0.4621557909842163,0.0,0.0,0.0
0.5049460591997675,-0.2975811213245048,-0.14873767630080276,1.0,0.0,0.0
-0.7201670416932051,-0.5582830024007032,1.4221312395749603,0.0,1.0,0.0
1.6186852418297426,0.15639848703736006,-1.719606592176566,0.0,0.0,1.0
-0.6087931234302075,0.13005159266930302,-1.195983620217978,1.0,0.0,0.0
-0.7758540008247038,-0.3636061008446693,1.2475902489220978,1.0,0.0,0.0
0.6163199774627651,1.0480291152825472,0.6366967816370789,0.0,1.0,0.0
1.117502609646254,2.327272778343427,0.8985082676163727,0.0,0.0,0.0
0.7833808548572614,-1.1466326675659828,1.6839427255542543,0.0,0.0,1.0
1.3959374053037477,0.11084311739119806,1.5094017349013917,0.0,0.0,0.0
-1.6111583877971851,0.6095937466782859,1.596672230227823,0.0,1.0,0.0
1.2288765279092515,-2.0906919046547916,-0.5850901529329592,0.0,0.0,1.0
-0.21898440950971626,0.04144755934720859,-1.108713124891547,0.0,0.0,0.0
-0.05192353211522,0.3185950038529208,-0.06146718097437146,1.0,0.0,0.0
-1.7782192651916815,0.4572064226545187,-1.2832541155444095,0.0,0.0,1.0
1.1731895687777527,-1.600519013681867,-1.0214426295651156,0.0,1.0,0.0
1.3959374053037477,-2.2995679439537597,0.37488529565778494,1.0,0.0,0.0
-0.27467136864121505,-0.4489214353446205,0.37488529565778494,0.0,1.0,0.0
1.562998282698244,0.20841045671189254,0.025803314352059827,0.0,1.0,0.0
-0.49741920516721005,-2.7731301491472378e-05,-0.5850901529329592,0.0,0.0,1.0
0.5606330183312663,0.5071774493148152,-0.3232786669536653,1.0,0.0,0.0
1.6186852418297426,1.8402749349677028,0.8985082676163727,0.0,0.0,1.0
-1.2213496738766938,1.306463403481679,0.025803314352059827,1.0,0.0,0.0
0.39357214093677007,-0.5717994451234147,-0.6723606482593905,0.0,0.0,0.0
-0.7201670416932051,-1.3155272186380553,0.5494262863106475,0.0,0.0,0.0
0.3378851818052713,-0.2831107574453142,0.37488529565778494,1.0,0.0,0.0
-1.1656627147451952,0.5245366685317177,-1.0214426295651156,1.0,0.0,0.0
-0.7758540008247038,0.945136202693413,-1.719606592176566,0.0,0.0,0.0
